id,imgUrl,title,category
1,https://firebasestorage.googleapis.com/v0/b/famous-pictures.appspot.com/o/Pictures%2FBirthday%2F118255722_1110296672699481_5761634308476086559_n.jpg?alt=media&token=8804b7e1-7fd8-438c-af89-8b7dad874f86,Birthday1,Birthday
2,https://firebasestorage.googleapis.com/v0/b/famous-pictures.appspot.com/o/Pictures%2FBirthday%2F138947302_2481328608840308_7618477849722051033_n.jpg?alt=media&token=372920cc-2efd-4352-b8cb-633fc1097d3a,Birthday1,Birthday
3,https://firebasestorage.googleapis.com/v0/b/famous-pictures.appspot.com/o/Pictures%2FBirthday%2F143459845_3753916464674922_760727550832748220_n.jpg?alt=media&token=7e42df50-0013-4e35-8809-a937c425fe18,Birthday1,Birthday
4,https://firebasestorage.googleapis.com/v0/b/famous-pictures.appspot.com/o/Pictures%2FBirthday%2F151544398_1306077373096555_8431131241410206956_n.jpg?alt=media&token=f9aae484-3247-4d19-9a71-ae73ae397e4d,Birthday1,Birthday
5,https://firebasestorage.googleapis.com/v0/b/famous-pictures.appspot.com/o/Pictures%2FBirthday%2F151788069_1306076436429982_2158182587483543594_n.jpg?alt=media&token=d831340f-e5b6-4223-ba4e-32183b5e4356,Birthday1,Birthday
6,https://firebasestorage.googleapis.com/v0/b/famous-pictures.appspot.com/o/Pictures%2FBirthday%2F151998218_1306076973096595_7507529442099328141_n.jpg?alt=media&token=dd0a90ce-64f0-4767-a058-3ad93026e512,Birthday1,Birthday
7,https://firebasestorage.googleapis.com/v0/b/famous-pictures.appspot.com/o/Pictures%2FBirthday%2F152238827_1306076863096606_3651860627468007132_n.jpg?alt=media&token=2c403256-3d97-4ea7-88b3-1476822a901f,Birthday1,Birthday
8,https://firebasestorage.googleapis.com/v0/b/famous-pictures.appspot.com/o/Pictures%2FBirthday%2F152378987_1306076713096621_3783152188841206103_n.jpg?alt=media&token=283a992a-76fd-4c00-b2e5-5cdf26e7843c,Birthday1,Birthday
9,https://firebasestorage.googleapis.com/v0/b/famous-pictures.appspot.com/o/Pictures%2FBirthday%2F152397442_1306077459763213_2014720232459512969_n.jpg?alt=media&token=e6e5cae8-837b-4b29-83c0-a7ca42505430,Birthday1,Birthday
10,https://firebasestorage.googleapis.com/v0/b/famous-pictures.appspot.com/o/Pictures%2FBirthday%2F155523327_1148719282308225_200572195424776954_n.jpg?alt=media&token=d407ddf1-73e9-4e4e-b7a7-b1df76e369b9,Birthday1,Birthday
11,https://firebasestorage.googleapis.com/v0/b/famous-pictures.appspot.com/o/Pictures%2FBirthday%2F157443637_1254340991628381_2860923026820938279_n.jpg?alt=media&token=570616a3-6426-4359-8e37-4ecb5434b217,Birthday1,Birthday
12,https://firebasestorage.googleapis.com/v0/b/famous-pictures.appspot.com/o/Pictures%2FBirthday%2F157476526_1254341644961649_657953173729495323_n.jpg?alt=media&token=9b58dc07-8585-45d6-a4f6-8e2994d7d4d1,Birthday1,Birthday
13,https://firebasestorage.googleapis.com/v0/b/famous-pictures.appspot.com/o/Pictures%2FBirthday%2F157814838_1254342131628267_8670211059723903585_n.jpg?alt=media&token=1f748052-680d-4cb2-a44a-4980a3cee2f2,Birthday1,Birthday
14,https://firebasestorage.googleapis.com/v0/b/famous-pictures.appspot.com/o/Pictures%2FBirthday%2F158047892_1254430448286102_5626753770778250690_n.jpg?alt=media&token=8ce389be-1ee2-4e1c-90d4-6d8f91a51fca,Birthday1,Birthday
15,https://firebasestorage.googleapis.com/v0/b/famous-pictures.appspot.com/o/Pictures%2FBirthday%2F158114147_1254430461619434_5299867734675242234_n.jpg?alt=media&token=bcc025cc-dbef-404a-986a-77970ee8d025,Birthday1,Birthday
16,https://firebasestorage.googleapis.com/v0/b/famous-pictures.appspot.com/o/Pictures%2FBirthday%2F158197409_1254430454952768_2538136397445827089_n.jpg?alt=media&token=e26f5945-b4e4-433f-8491-a53067ff6ec0,Birthday1,Birthday
17,https://firebasestorage.googleapis.com/v0/b/famous-pictures.appspot.com/o/Pictures%2FBirthday%2F161816071_10158429600693757_2843857299283682674_n.jpg?alt=media&token=258521aa-bea5-45ab-84e1-e5e40fdd6a37,Birthday1,Birthday
18,https://firebasestorage.googleapis.com/v0/b/famous-pictures.appspot.com/o/Pictures%2FBirthday%2F162234618_10158429600558757_7812755517984603262_n.jpg?alt=media&token=90beee13-e36a-421a-b5aa-3e6e73570261,Birthday1,Birthday
19,https://firebasestorage.googleapis.com/v0/b/famous-pictures.appspot.com/o/Pictures%2FBirthday%2F173977618_146209234173324_2197940957666678176_n.jpg?alt=media&token=72a050a4-8255-4fa8-9cf7-85590d23a878,Birthday1,Birthday
20,https://firebasestorage.googleapis.com/v0/b/famous-pictures.appspot.com/o/Pictures%2FBirthday%2F174118086_146209164173331_6718710959474602765_n.jpg?alt=media&token=37a04354-609d-48ae-b8a0-ca400c76459c,Birthday1,Birthday
21,https://firebasestorage.googleapis.com/v0/b/famous-pictures.appspot.com/o/Pictures%2FBirthday%2F177368312_1429749887382626_6931386513769929213_n.jpg?alt=media&token=bf63e951-d3de-41c5-a216-297fa96850a0,Birthday1,Birthday
22,https://firebasestorage.googleapis.com/v0/b/famous-pictures.appspot.com/o/Pictures%2FBirthday%2F185142131_1360570090980616_4326279857812989054_n.jpg?alt=media&token=8b082148-48a4-408b-b1ca-b676fa02f2e3,Birthday,Birthday
23,https://firebasestorage.googleapis.com/v0/b/famous-pictures.appspot.com/o/Pictures%2FConference%2F105526867_150672313210111_995427360560633535_n.jpg?alt=media&token=a4e79af9-19d6-415e-a682-4f6211bd1b14,Conference,Conference
24,https://firebasestorage.googleapis.com/v0/b/famous-pictures.appspot.com/o/Pictures%2FConference%2F105526867_150672313210111_995427360560633535_n.jpg?alt=media&token=a4e79af9-19d6-415e-a682-4f6211bd1b14,Conference,Conference
25,https://firebasestorage.googleapis.com/v0/b/famous-pictures.appspot.com/o/Pictures%2FConference%2F105809964_151213966489279_1215028046895772493_n.jpg?alt=media&token=61705fd7-0b9b-48a3-9e0b-d6f39143a10d,Conference,Conference
26,https://firebasestorage.googleapis.com/v0/b/famous-pictures.appspot.com/o/Pictures%2FConference%2F106001668_151210099822999_5320435778892931218_n.jpg?alt=media&token=f63622b5-b171-4750-95df-e59aa80105a2,Conference,Conference
27,https://firebasestorage.googleapis.com/v0/b/famous-pictures.appspot.com/o/Pictures%2FConference%2F106059229_150672556543420_7520744731068007386_n.jpg?alt=media&token=02f85d36-7063-4630-88b4-a182879d65ef,Conference,Conference
28,https://firebasestorage.googleapis.com/v0/b/famous-pictures.appspot.com/o/Pictures%2FConference%2F106100398_151214276489248_2902341570022345890_n.jpg?alt=media&token=9d010a1b-37f8-4bf2-bac8-56f8d0fc4743,Conference,Conference
29,https://firebasestorage.googleapis.com/v0/b/famous-pictures.appspot.com/o/Pictures%2FConference%2F106100398_151214276489248_2902341570022345890_n.jpg?alt=media&token=9d010a1b-37f8-4bf2-bac8-56f8d0fc4743,Conference,Conference
30,https://firebasestorage.googleapis.com/v0/b/famous-pictures.appspot.com/o/Pictures%2FConference%2F106244176_151209503156392_282667804746584389_n.jpg?alt=media&token=39323cb8-c3db-4797-9440-284a9abd0e26,Conference,Conference
31,https://firebasestorage.googleapis.com/v0/b/famous-pictures.appspot.com/o/Pictures%2FConference%2F106277962_151212016489474_8931266242615813654_n.jpg?alt=media&token=2008cae5-53ea-4d35-9bd1-9886b9c8dc94,Conference,Conference
32,https://firebasestorage.googleapis.com/v0/b/famous-pictures.appspot.com/o/Pictures%2FConference%2F106410045_151213483155994_9007610424435227548_n.jpg?alt=media&token=8432d2e6-bf63-4154-9709-9cd5e7e33f47,Conference,Conference
33,https://firebasestorage.googleapis.com/v0/b/famous-pictures.appspot.com/o/Pictures%2FConference%2F107736160_155166899427319_5368916963032933017_n.jpg?alt=media&token=c59df508-c8e4-48c3-89be-46f125c2295e,Conference,Conference
34,https://firebasestorage.googleapis.com/v0/b/famous-pictures.appspot.com/o/Pictures%2FConference%2F107909495_155166549427354_2163947180182125450_n.jpg?alt=media&token=5cc12c4b-e1de-4814-a6f0-6373ec82ff16,Conference,Conference
35,https://firebasestorage.googleapis.com/v0/b/famous-pictures.appspot.com/o/Pictures%2FConference%2F107909495_155166726094003_5698429572590894208_n.jpg?alt=media&token=014faff6-3531-49e4-84f5-f90210e2dfa4,Conference,Conference
36,https://firebasestorage.googleapis.com/v0/b/famous-pictures.appspot.com/o/Pictures%2FConference%2F108111644_155167879427221_3616483899570372404_n.jpg?alt=media&token=924ae760-e59a-4b39-bcba-8411afde5b05,Conference1,Conference
37,https://firebasestorage.googleapis.com/v0/b/famous-pictures.appspot.com/o/Pictures%2FFestival%2F107102700_154307012846641_4729098147079566507_n.jpg?alt=media&token=7a91aa78-e4f2-463a-9df8-2ab751689745,Festival,Festival
38,https://firebasestorage.googleapis.com/v0/b/famous-pictures.appspot.com/o/Pictures%2FFestival%2F107366045_154063852870957_3456240507444249143_n.jpg?alt=media&token=d09b1eb6-1a41-4f36-ab90-4a5d13b270e0,Festival,Festival
39,https://firebasestorage.googleapis.com/v0/b/famous-pictures.appspot.com/o/Pictures%2FFestival%2F107456108_154307072846635_3303124712179278360_n.jpg?alt=media&token=c6c06257-ad2a-4d86-badd-7410d97eecf9,Festival,Festival
40,https://firebasestorage.googleapis.com/v0/b/famous-pictures.appspot.com/o/Pictures%2FFestival%2F107523801_154306882846654_6060295987007676390_n.jpg?alt=media&token=d81450ae-bdec-422e-ae95-75d8203ada66,Festival,Festival
41,https://firebasestorage.googleapis.com/v0/b/famous-pictures.appspot.com/o/Pictures%2FFestival%2F118777521_171144651162877_8960711963170770929_n.jpg?alt=media&token=7fb71f04-7d9b-4098-a3e3-c78274192f9a,Festival,Festival
42,https://firebasestorage.googleapis.com/v0/b/famous-pictures.appspot.com/o/Pictures%2FFestival%2F118783951_171059294504746_6412906817643604256_n.jpg?alt=media&token=40413c4a-ea19-47b7-a4c1-c042257d1264,Festival,Festival
43,https://firebasestorage.googleapis.com/v0/b/famous-pictures.appspot.com/o/Pictures%2FFestival%2F118793008_171145871162755_5674934329770089235_n.jpg?alt=media&token=5a9a9c36-93ad-4af9-bfc4-a9b83921d6be,Festival,Festival
44,https://firebasestorage.googleapis.com/v0/b/famous-pictures.appspot.com/o/Pictures%2FFestival%2F118799043_171077984502877_7329867803929885871_n.jpg?alt=media&token=a19f2510-9c21-4118-94e8-1e6e4dea460f,Festival,Festival
45,https://firebasestorage.googleapis.com/v0/b/famous-pictures.appspot.com/o/Pictures%2FFestival%2F118843372_171144364496239_1672513338959708981_n.jpg?alt=media&token=e096047b-2339-47ab-b18e-b311d398f849,Festival,Festival
46,https://firebasestorage.googleapis.com/v0/b/famous-pictures.appspot.com/o/Pictures%2FFestival%2F118849669_171125484498127_1301221421577207245_n.jpg?alt=media&token=b13888ad-7e97-4737-8524-541a40be707f,Festival,Festival
47,https://firebasestorage.googleapis.com/v0/b/famous-pictures.appspot.com/o/Pictures%2FFestival%2F118961748_172030157740993_1580327584955378150_n.jpg?alt=media&token=2d1aef2b-2b21-45c0-94da-6c2346b8e3e4,Festival,Festival
48,https://firebasestorage.googleapis.com/v0/b/famous-pictures.appspot.com/o/Pictures%2FFestival%2F119109803_172578767686132_5554734364243178278_n.jpg?alt=media&token=1ee6ed84-d4b1-4b50-9930-21cffd22ea88,Festival,Festival
49,https://firebasestorage.googleapis.com/v0/b/famous-pictures.appspot.com/o/Pictures%2FFestival%2F119109804_172579651019377_417107697392912609_n.jpg?alt=media&token=ea4db013-fd05-41b6-a737-f06bf46159f5,Festival,Festival
50,https://firebasestorage.googleapis.com/v0/b/famous-pictures.appspot.com/o/Pictures%2FFestival%2F119127192_172583524352323_6777714949469575739_n.jpg?alt=media&token=4a63116c-9fbf-4d5b-8f6b-9f63cba56c54,Festival,Festival
51,https://firebasestorage.googleapis.com/v0/b/famous-pictures.appspot.com/o/Pictures%2FFestival%2F119547539_173671434243532_7300094903358782389_n.jpg?alt=media&token=fe66401f-8034-4ef8-a088-4a3909b4dc56,Festivaln,Festival
52,https://firebasestorage.googleapis.com/v0/b/famous-pictures.appspot.com/o/Pictures%2FFiancaille%2F118961748_172120061065336_4958916492946479477_n.jpg?alt=media&token=190ada50-8142-49f8-9eba-8eac2a1600fa,Fiancaille,Fiancaille
53,https://firebasestorage.googleapis.com/v0/b/famous-pictures.appspot.com/o/Pictures%2FFiancaille%2F119005264_172065031070839_2213482464006826116_n.jpg?alt=media&token=6935759e-23cd-4379-9e63-8e5a2589526c,Fiancaille,Fiancaille
54,https://firebasestorage.googleapis.com/v0/b/famous-pictures.appspot.com/o/Pictures%2FFiancaille%2F119048387_172304414380234_7112988998986729997_n.jpg?alt=media&token=25f45112-0bbd-43a1-9ab6-63293209c398,Fiancaille,Fiancaille
55,https://firebasestorage.googleapis.com/v0/b/famous-pictures.appspot.com/o/Pictures%2FFiancaille%2F119061411_172116367732372_1705206465100509299_n.jpg?alt=media&token=26566d19-e445-4347-85b2-c59d25630534,Fiancaille,Fiancaille
56,https://firebasestorage.googleapis.com/v0/b/famous-pictures.appspot.com/o/Pictures%2FFiancaille%2F119082363_172017061075636_1178122045431668100_n.jpg?alt=media&token=87aea93f-e248-4f47-b11a-167569517b44,Fiancaille,Fiancaille
57,https://firebasestorage.googleapis.com/v0/b/famous-pictures.appspot.com/o/Pictures%2FFiancaille%2F119129411_172595367684472_3520581961095807410_n.jpg?alt=media&token=1255a5d5-2b76-4035-9d55-9cc6a220b52b,Fiancaille,Fiancaille
58,https://firebasestorage.googleapis.com/v0/b/famous-pictures.appspot.com/o/Pictures%2FFiancaille%2F120468166_177638753846800_6688051628571544765_n.jpg?alt=media&token=becdcdc4-abb4-43c8-a442-a8c649f82709,Fiancaille,Fiancaille
59,https://firebasestorage.googleapis.com/v0/b/famous-pictures.appspot.com/o/Pictures%2FFiancaille%2F120539733_177154730561869_5222070460790699545_n.jpg?alt=media&token=7e202b7c-2071-41b3-9d98-cc11912d104c,Fiancaille,Fiancaille
60,https://firebasestorage.googleapis.com/v0/b/famous-pictures.appspot.com/o/Pictures%2FFiancaille%2F120554356_177871593823516_650900351351434627_n.jpg?alt=media&token=3bceaa77-2b60-4e17-96ff-f58f1361e0f9,Fiancaille,Fiancaille
61,https://firebasestorage.googleapis.com/v0/b/famous-pictures.appspot.com/o/Pictures%2FFiancaille%2F124586545_187678899509452_7429720659932396862_n.jpg?alt=media&token=8c2c9414-ca85-4210-90f1-fd16556c2961,Fiancaille,Fiancaille
62,https://firebasestorage.googleapis.com/v0/b/famous-pictures.appspot.com/o/Pictures%2FFiancaille%2F124776325_188184416125567_9126865571903938900_n.jpg?alt=media&token=5e37d00d-ff48-4628-9221-044e2941c27e,Fiancaille,Fiancaille
63,https://firebasestorage.googleapis.com/v0/b/famous-pictures.appspot.com/o/Pictures%2FFiancaille%2F125182554_188396369437705_3860071954068018807_n.jpg?alt=media&token=d7849aa0-1a1e-4c31-a329-5fbf8ded8bc3,Fiancaille,Fiancaille
64,https://firebasestorage.googleapis.com/v0/b/famous-pictures.appspot.com/o/Pictures%2FFiancaille%2F131904756_210701720540503_1603957404971808422_n.jpg?alt=media&token=1628f81b-687a-42b1-9166-0c2a7512fac5,Fiancaille,Fiancaille
65,https://firebasestorage.googleapis.com/v0/b/famous-pictures.appspot.com/o/Pictures%2FMarriage%2F104168867_147099150234094_3509429016550749917_n.jpg?alt=media&token=5e65e926-5809-40c8-81b3-fff60a21fd6b,Marriage,Marriage
66,https://firebasestorage.googleapis.com/v0/b/famous-pictures.appspot.com/o/Pictures%2FMarriage%2F105976600_150609293216413_2776607290782010125_n.jpg?alt=media&token=ef7ba580-8ac6-46a4-bdec-dc90d88fb03e,Marriage,Marriage
67,https://firebasestorage.googleapis.com/v0/b/famous-pictures.appspot.com/o/Pictures%2FMarriage%2F106121255_152509783026364_1718173699047383943_n.jpg?alt=media&token=723ec07a-0356-4aae-8311-5ee2f53edd4c,Marriage,Marriage
68,https://firebasestorage.googleapis.com/v0/b/famous-pictures.appspot.com/o/Pictures%2FMarriage%2F106421462_151164949827514_7245860565373051465_n.jpg?alt=media&token=45502965-3404-49c0-b9a7-d9764838f7d4,Marriage,Marriage
69,https://firebasestorage.googleapis.com/v0/b/famous-pictures.appspot.com/o/Pictures%2FMarriage%2F116297405_160103038933705_8840397864164836172_n.jpg?alt=media&token=dc79c577-d675-41b2-ab85-8d722d0ee9ad,Marriage,Marriage
70,https://firebasestorage.googleapis.com/v0/b/famous-pictures.appspot.com/o/Pictures%2FMarriage%2F117593270_164860268457982_2819635880266494499_n.jpg?alt=media&token=7104b8f7-9808-4fba-9bfb-b7a6dee9c56e,Marriage,Marriage
71,https://firebasestorage.googleapis.com/v0/b/famous-pictures.appspot.com/o/Pictures%2FMarriage%2F117628552_164864628457546_4237698520238418820_n.jpg?alt=media&token=17d38514-5405-4ce4-9345-33cb42c149fc,Marriage,Marriage
72,https://firebasestorage.googleapis.com/v0/b/famous-pictures.appspot.com/o/Pictures%2FMarriage%2F117632730_164863351791007_7089926400372657143_n.jpg?alt=media&token=11d77454-f825-4251-92b2-34abd83888ea,Marriage,Marriage
73,https://firebasestorage.googleapis.com/v0/b/famous-pictures.appspot.com/o/Pictures%2FMarriage%2F117877980_166419141635428_6958543404505802464_n.jpg?alt=media&token=d6278e67-aa5e-4495-af3f-8a6a92b2caa1,Marriage,Marriage
74,https://firebasestorage.googleapis.com/v0/b/famous-pictures.appspot.com/o/Pictures%2FMarriage%2F118340937_168655691411773_6292806039326520627_n.jpg?alt=media&token=92c05410-aa06-4ebb-9ed5-817045c31608,Marriage,Marriage
75,https://firebasestorage.googleapis.com/v0/b/famous-pictures.appspot.com/o/Pictures%2FMarriage%2F118765260_170467411230601_3309419999621115595_n.jpg?alt=media&token=e1739a76-170d-40b2-9853-acc4c6c4f27c,Marriage,Marriage
76,https://firebasestorage.googleapis.com/v0/b/famous-pictures.appspot.com/o/Pictures%2FMarriage%2F118773055_170513754559300_3821570466473242327_n.jpg?alt=media&token=aa6c2ac9-ce89-40c8-9545-5e1cee6e7d72,Marriage,Marriage
77,https://firebasestorage.googleapis.com/v0/b/famous-pictures.appspot.com/o/Pictures%2FMarriage%2F119647678_174412464169429_5123500092027674565_n.jpg?alt=media&token=c8b8ef3a-1a73-4d14-a6fa-49c799ce9612,Marriage,Marriage
78,https://firebasestorage.googleapis.com/v0/b/famous-pictures.appspot.com/o/Pictures%2FMarriage%2F119765646_174675987476410_97374284626130872_n.jpg?alt=media&token=80f38856-2ec3-4ab2-9e59-bef1e3f24621,Marriage,Marriage
79,https://firebasestorage.googleapis.com/v0/b/famous-pictures.appspot.com/o/Pictures%2FMarriage%2F119889830_174675707476438_9105439680035850917_n.jpg?alt=media&token=e0a7a431-c426-4915-b92b-5a1b51319050,Marriage,Marriage
80,https://firebasestorage.googleapis.com/v0/b/famous-pictures.appspot.com/o/Pictures%2FMarriage%2F120101266_175636970713645_1537618742976685702_n.jpg?alt=media&token=045b34c3-cb03-4b6e-9f3d-5a85232e70ed,Marriagen,Marriage
81,https://firebasestorage.googleapis.com/v0/b/famous-pictures.appspot.com/o/Pictures%2FShooting%2F106065375_150622829881726_8388759746639228212_n.jpg?alt=media&token=ca0953dc-c041-4c66-94bd-b1b33a5e9b95,Shooting,Shooting
82,https://firebasestorage.googleapis.com/v0/b/famous-pictures.appspot.com/o/Pictures%2FShooting%2F109574572_158260569117952_191456419927053720_n.jpg?alt=media&token=1358f8d8-0573-40fd-a033-e3004c6e07a8,Shooting,Shooting
83,https://firebasestorage.googleapis.com/v0/b/famous-pictures.appspot.com/o/Pictures%2FShooting%2F110225580_159237685686907_489937831611080668_n.jpg?alt=media&token=74613fd9-f6c0-4d92-bddf-1a86b837d4c3,Shooting,Shooting
84,https://firebasestorage.googleapis.com/v0/b/famous-pictures.appspot.com/o/Pictures%2FShooting%2F110233215_158533849090624_3342601867368456157_n.jpg?alt=media&token=f565b5c4-884c-45a9-ba06-fa2e105c125c,Shooting,Shooting
85,https://firebasestorage.googleapis.com/v0/b/famous-pictures.appspot.com/o/Pictures%2FShooting%2F110316483_159237539020255_8398297541836385374_n.jpg?alt=media&token=db201243-c1df-4380-aa5f-3a262d4853f7,Shooting,Shooting
86,https://firebasestorage.googleapis.com/v0/b/famous-pictures.appspot.com/o/Pictures%2FShooting%2F111956487_159178209026188_4396329041647676042_n.jpg?alt=media&token=33c05483-dbcd-4f8f-9144-f6d66796b1a4,Shooting,Shooting
87,https://firebasestorage.googleapis.com/v0/b/famous-pictures.appspot.com/o/Pictures%2FShooting%2F112473187_159178432359499_1207220880406412472_n.jpg?alt=media&token=11232c27-ac61-436b-ba9c-f6df33ddf020,Shooting,Shooting
88,https://firebasestorage.googleapis.com/v0/b/famous-pictures.appspot.com/o/Pictures%2FShooting%2F115804770_160322468911762_4314555347986228791_n.jpg?alt=media&token=b8cb53e9-2564-48b1-8d1b-9afaf7def0ee,Shooting,Shooting
89,https://firebasestorage.googleapis.com/v0/b/famous-pictures.appspot.com/o/Pictures%2FShooting%2F116018709_158260505784625_6575378934928226800_n.jpg?alt=media&token=1f4be977-cbe2-4a35-a35f-8b01b33b6845,Shooting,Shooting
90,https://firebasestorage.googleapis.com/v0/b/famous-pictures.appspot.com/o/Pictures%2FShooting%2F116192793_159237632353579_1832732812717430775_n.jpg?alt=media&token=524c6f67-1146-4d0a-a3c6-dc224c51c92b,Shooting,Shooting
91,https://firebasestorage.googleapis.com/v0/b/famous-pictures.appspot.com/o/Pictures%2FShooting%2F118386185_168647938079215_5653233706793564881_n.jpg?alt=media&token=2f1db649-97c9-4e9e-827b-ef7c2602c0a3,Shooting,Shooting
92,https://firebasestorage.googleapis.com/v0/b/famous-pictures.appspot.com/o/Pictures%2FShooting%2F119582525_173672270910115_6428792461998452425_n.jpg?alt=media&token=ea05ec81-6d3a-4aad-84bc-8b89115c8610,Shooting,Shooting
93,https://firebasestorage.googleapis.com/v0/b/famous-pictures.appspot.com/o/Pictures%2FShooting%2F120110198_176081277335881_8100937327423425931_n.jpg?alt=media&token=3f5d05e7-8dbb-4807-a2d5-e18d6c76edbf,Shooting,Shooting
94,https://firebasestorage.googleapis.com/v0/b/famous-pictures.appspot.com/o/Pictures%2FShooting%2F120550881_177895660487776_6444164831306506253_n.jpg?alt=media&token=ed5048be-c9e3-4e01-b414-573a11a273b5,Shooting,Shooting
95,https://firebasestorage.googleapis.com/v0/b/famous-pictures.appspot.com/o/Pictures%2FShooting%2F123168505_185315276412481_3896330700322376770_n.jpg?alt=media&token=139d5566-0750-444b-8637-781d13f57ed4,Shooting,Shooting
96,https://firebasestorage.googleapis.com/v0/b/famous-pictures.appspot.com/o/Pictures%2FShooting%2F123776181_186987306245278_7984006601527107259_n.jpg?alt=media&token=c046f33d-697e-4fd5-9167-fcff4d6b3490,Shooting,Shooting
97,https://firebasestorage.googleapis.com/v0/b/famous-pictures.appspot.com/o/Pictures%2FShooting%2F125235036_188648956079113_6639649240293541191_n.jpg?alt=media&token=a891debb-ee2f-4160-842b-5a5ebdab71db,Shooting,Shooting
98,https://firebasestorage.googleapis.com/v0/b/famous-pictures.appspot.com/o/Pictures%2FShooting%2F125308923_188649172745758_5739301903219801019_n.jpg?alt=media&token=e8b9b210-7712-4f44-bbbe-4971c43c7a85,Shooting,Shooting
